{
	"name": "Plink",
	"version": "1.0",
	"download_url": "https://plink.top/download.php?file=plugin",

	"homepage": "https://plink.top",
	"requires": "1.0",
	"tested": "1.0",
	"last_updated": "2019-09-09 12:04:00",
	"upgrade_notice": "New update",

	"author": "Plink",
	"author_homepage": "https://plink.top",

	"sections": {
		"description": "Парсер контента для WordPress",
		"installation": "Нажмите кнопку обновить",
		"changelog": "Сдесь пока никакого changelog",
	},
	
	"icons" : {
		"1x" : "http://w-shadow.com/files/external-update-example/assets/icon-128x128.png",
		"2x" : "http://w-shadow.com/files/external-update-example/assets/icon-256x256.png"
    },

	"banners": {
		"low": "http://w-shadow.com/files/external-update-example/assets/banner-772x250.png",
		"high": "http://w-shadow.com/files/external-update-example/assets/banner-1544x500.png"
	},
}